Year,FIPS_code,State,Area_name,Civilian_labor_force,Employed,Unemployed,Unemployment_rate,Median_Household_Income_2020
2000,01000,AL,Alabama,"2,147,173","2,047,731","99,442",4.6,"53,958"
2000,02000,AK,Alaska,"319,777","299,590","20,187",6.3,"79,961"
2000,04000,AZ,Arizona,"2,510,611","2,410,825","99,786",4.0,"64,652"
2000,05000,AR,Arkansas,"1,260,507","1,207,833","52,674",4.2,"51,146"
2000,06000,CA,California,"16,837,536","16,011,619","825,917",4.9,"83,001"
2000,08000,CO,Colorado,"2,358,371","2,294,104","64,267",2.7,"77,688"
2000,09000,CT,Connecticut,"1,760,697","1,723,597","37,100",2.1,"79,723"
2000,10000,DE,Delaware,"412,956","398,188","14,768",3.6,"71,335"
2000,11000,DC,District of Columbia,"309,977","292,299","17,678",5.7,"91,957"
2000,12000,FL,Florida,"7,917,857","7,620,683","297,174",3.8,"61,724"
2000,13000,GA,Georgia,"4,202,695","4,055,366","147,329",3.5,"62,800"
2000,15000,HI,Hawaii,"605,395","579,736","25,659",4.2,"86,878"
2000,16000,ID,Idaho,"661,066","630,228","30,838",4.7,"62,603"
2000,17000,IL,Illinois,"6,494,429","6,206,060","288,369",4.4,"71,243"
2000,18000,IN,Indiana,"3,125,304","3,030,889","94,415",3.0,"60,794"
2000,19000,IA,Iowa,"1,594,400","1,551,434","42,966",2.7,"62,362"
2000,20000,KS,Kansas,"1,402,606","1,349,841","52,765",3.8,"63,214"
2000,21000,KY,Kentucky,"1,957,400","1,876,232","81,168",4.1,"54,074"
2000,22000,LA,Louisiana,"2,026,392","1,921,984","104,408",5.2,"51,730"
2000,23000,ME,Maine,"677,489","654,981","22,508",3.3,"59,145"
2000,24000,MD,Maryland,"2,801,391","2,702,430","98,961",3.5,"88,589"
2000,25000,MA,Massachusetts,"3,340,566","3,246,356","94,210",2.8,"87,288"
2000,26000,MI,Michigan,"5,156,695","4,968,878","187,817",3.6,"61,352"
2000,27000,MN,Minnesota,"2,799,111","2,714,001","85,110",3.0,"75,489"
2000,28000,MS,Mississippi,"1,309,882","1,239,841","70,041",5.3,"47,368"
2000,29000,MO,Missouri,"2,971,441","2,870,458","100,983",3.4,"58,812"
2000,30000,MT,Montana,"470,069","447,383","22,686",4.8,"57,730"
2000,31000,NE,Nebraska,"938,849","912,620","26,229",2.8,"64,735"
2000,32000,NV,Nevada,"1,070,776","1,026,650","44,126",4.1,"64,608"
2000,33000,NH,New Hampshire,"685,799","667,603","18,196",2.7,"81,415"
2000,34000,NJ,New Jersey,"4,287,640","4,130,824","156,816",3.7,"87,095"
2000,35000,NM,New Mexico,"846,150","803,666","42,484",5.0,"52,285"
2000,36000,NY,New York,"9,140,541","8,727,537","413,004",4.5,"73,354"
2000,37000,NC,North Carolina,"4,127,465","3,972,811","154,654",3.7,"59,616"
2000,38000,ND,North Dakota,"342,761","332,615","10,146",3.0,"64,289"
2000,39000,OH,Ohio,"5,781,442","5,544,340","237,102",4.1,"60,360"
2000,40000,OK,Oklahoma,"1,655,517","1,605,949","49,568",3.0,"54,512"
2000,41000,OR,Oregon,"1,811,837","1,717,623","94,214",5.2,"67,832"
2000,42000,PA,Pennsylvania,"6,105,742","5,848,152","257,590",4.2,"64,898"
2000,44000,RI,Rhode Island,"542,514","520,813","21,701",4.0,"73,919"
2000,45000,SC,South Carolina,"1,965,481","1,892,559","72,922",3.7,"57,216"
2000,46000,SD,South Dakota,"408,496","398,124","10,372",2.5,"61,149"
2000,47000,TN,Tennessee,"2,849,026","2,738,785","110,241",3.9,"56,962"
2000,48000,TX,Texas,"10,388,337","9,932,973","455,364",4.4,"66,048"
2000,49000,UT,Utah,"1,142,860","1,104,750","38,110",3.3,"77,785"
2000,50000,VT,Vermont,"334,055","324,667","9,388",2.8,"67,717"
2000,51000,VA,Virginia,"3,606,390","3,524,481","81,909",2.3,"79,154"
2000,53000,WA,Washington,"3,087,680","2,929,824","157,856",5.1,"80,319"
2000,54000,WV,West Virginia,"799,081","754,457","44,624",5.6,"49,202"
2000,55000,WI,Wisconsin,"2,985,643","2,884,737","100,906",3.4,"64,901"
2000,56000,WY,Wyoming,"265,701","255,726","9,975",3.8,"67,284"
2001,01000,AL,Alabama,"2,128,027","2,017,467","110,560",5.2,
2001,02000,AK,Alaska,"321,652","301,422","20,230",6.3,
2001,04000,AZ,Arizona,"2,593,664","2,470,816","122,848",4.7,
2001,05000,AR,Arkansas,"1,261,419","1,201,314","60,105",4.8,
2001,06000,CA,California,"17,096,428","16,160,509","935,919",5.5,
2001,08000,CO,Colorado,"2,396,012","2,304,547","91,465",3.8,
2001,09000,CT,Connecticut,"1,749,195","1,698,594","50,601",2.9,
2001,10000,DE,Delaware,"421,563","406,517","15,046",3.6,
2001,11000,DC,District of Columbia,"311,232","291,080","20,152",6.5,
2001,12000,FL,Florida,"8,048,882","7,692,124","356,758",4.4,
2001,13000,GA,Georgia,"4,257,901","4,083,528","174,373",4.1,
2001,15000,HI,Hawaii,"607,556","581,379","26,177",4.3,
2001,16000,ID,Idaho,"678,281","643,913","34,368",5.1,
2001,17000,IL,Illinois,"6,454,092","6,103,092","351,000",5.4,
2001,18000,IN,Indiana,"3,143,985","3,010,490","133,495",4.2,
2001,19000,IA,Iowa,"1,610,634","1,556,923","53,711",3.3,
2001,20000,KS,Kansas,"1,398,521","1,338,775","59,746",4.3,
2001,21000,KY,Kentucky,"1,953,834","1,852,043","101,791",5.2,
2001,22000,LA,Louisiana,"2,027,220","1,913,555","113,665",5.6,
2001,23000,ME,Maine,"674,958","649,627","25,331",3.8,
2001,24000,MD,Maryland,"2,836,279","2,717,443","118,836",4.2,
2001,25000,MA,Massachusetts,"3,386,892","3,258,352","128,540",3.8,
2001,26000,MI,Michigan,"5,138,844","4,872,118","266,726",5.2,
2001,27000,MN,Minnesota,"2,847,955","2,740,867","107,088",3.8,
2001,28000,MS,Mississippi,"1,294,733","1,223,536","71,197",5.5,
2001,29000,MO,Missouri,"2,987,905","2,853,157","134,748",4.5,
2001,30000,MT,Montana,"465,355","443,866","21,489",4.6,
2001,31000,NE,Nebraska,"945,374","915,662","29,712",3.1,
2001,32000,NV,Nevada,"1,113,529","1,055,769","57,760",5.2,
2001,33000,NH,New Hampshire,"692,029","668,566","23,463",3.4,
2001,34000,NJ,New Jersey,"4,294,366","4,112,095","182,271",4.2,
2001,35000,NM,New Mexico,"855,088","812,557","42,531",5.0,
2001,36000,NY,New York,"9,126,538","8,680,547","445,991",4.9,
2001,37000,NC,North Carolina,"4,191,959","3,956,124","235,835",5.6,
2001,38000,ND,North Dakota,"342,528","332,805","9,723",2.8,
2001,39000,OH,Ohio,"5,821,151","5,566,414","254,737",4.4,
2001,40000,OK,Oklahoma,"1,672,620","1,611,746","60,874",3.6,
2001,41000,OR,Oregon,"1,815,076","1,699,359","115,717",6.4,
2001,42000,PA,Pennsylvania,"6,178,900","5,882,813","296,087",4.8,
2001,44000,RI,Rhode Island,"541,661","517,532","24,129",4.5,
2001,45000,SC,South Carolina,"1,941,956","1,839,246","102,710",5.3,
2001,46000,SD,South Dakota,"413,493","401,072","12,421",3.0,
2001,47000,TN,Tennessee,"2,857,659","2,728,621","129,038",4.5,
2001,48000,TX,Texas,"10,539,140","10,014,830","524,310",5.0,
2001,49000,UT,Utah,"1,162,874","1,112,047","50,827",4.4,
2001,50000,VT,Vermont,"338,145","326,980","11,165",3.3,
2001,51000,VA,Virginia,"3,681,107","3,559,669","121,438",3.3,
2001,53000,WA,Washington,"3,085,655","2,900,354","185,301",6.0,
2001,54000,WV,West Virginia,"796,596","753,657","42,939",5.4,
2001,55000,WI,Wisconsin,"3,017,681","2,884,305","133,376",4.4,
2001,56000,WY,Wyoming,"268,393","258,172","10,221",3.8,
2002,01000,AL,Alabama,"2,112,621","1,987,633","124,988",5.9,
2002,02000,AK,Alaska,"327,054","303,560","23,494",7.2,
2002,04000,AZ,Arizona,"2,683,502","2,518,051","165,451",6.2,
2002,05000,AR,Arkansas,"1,276,964","1,209,006","67,958",5.3,
2002,06000,CA,California,"17,246,528","16,081,472","1,165,056",6.8,
2002,08000,CO,Colorado,"2,448,903","2,309,639","139,264",5.7,
2002,09000,CT,Connecticut,"1,776,064","1,697,788","78,276",4.4,
2002,10000,DE,Delaware,"417,207","399,417","17,790",4.3,
2002,11000,DC,District of Columbia,"308,760","287,196","21,564",7.0,
2002,12000,FL,Florida,"8,050,051","7,651,923","398,128",4.9,
2002,13000,GA,Georgia,"4,341,617","4,111,627","229,990",5.3,
2002,15000,HI,Hawaii,"601,786","577,616","24,170",4.0,
2002,16000,ID,Idaho,"685,650","647,019","38,631",5.6,
2002,17000,IL,Illinois,"6,341,891","5,925,990","415,901",6.6,
2002,18000,IN,Indiana,"3,161,709","2,997,963","163,746",5.2,
2002,19000,IA,Iowa,"1,629,047","1,564,178","64,869",4.0,
2002,20000,KS,Kansas,"1,419,335","1,347,163","72,172",5.1,
2002,21000,KY,Kentucky,"1,944,682","1,832,250","112,432",5.8,
2002,22000,LA,Louisiana,"2,013,652","1,892,947","120,705",6.0,
2002,23000,ME,Maine,"678,559","648,301","30,258",4.5,
2002,24000,MD,Maryland,"2,872,367","2,734,977","137,390",4.8,
2002,25000,MA,Massachusetts,"3,436,864","3,257,517","179,347",5.2,
2002,26000,MI,Michigan,"5,034,722","4,723,286","311,436",6.2,
2002,27000,MN,Minnesota,"2,873,004","2,744,745","128,259",4.5,
2002,28000,MS,Mississippi,"1,290,793","1,207,799","82,994",6.4,
2002,29000,MO,Missouri,"2,981,097","2,823,361","157,736",5.3,
2002,30000,MT,Montana,"466,408","445,122","21,286",4.6,
2002,31000,NE,Nebraska,"952,937","917,833","35,104",3.7,
2002,32000,NV,Nevada,"1,134,096","1,069,601","64,495",5.7,
2002,33000,NH,New Hampshire,"700,563","668,980","31,583",4.5,
2002,34000,NJ,New Jersey,"4,345,273","4,094,389","250,884",5.8,
2002,35000,NM,New Mexico,"866,850","819,275","47,575",5.5,
2002,36000,NY,New York,"9,294,770","8,718,237","576,533",6.2,
2002,37000,NC,North Carolina,"4,209,274","3,917,218","292,056",6.9,
2002,38000,ND,North Dakota,"342,463","330,852","11,611",3.4,
2002,39000,OH,Ohio,"5,827,493","5,490,092","337,401",5.8,
2002,40000,OK,Oklahoma,"1,685,334","1,607,453","77,881",4.6,
2002,41000,OR,Oregon,"1,834,254","1,696,894","137,360",7.5,
2002,42000,PA,Pennsylvania,"6,214,539","5,869,299","345,240",5.6,
2002,44000,RI,Rhode Island,"550,244","522,201","28,043",5.1,
2002,45000,SC,South Carolina,"1,954,548","1,828,735","125,813",6.4,
2002,46000,SD,South Dakota,"416,793","403,343","13,450",3.2,
2002,47000,TN,Tennessee,"2,898,948","2,750,424","148,524",5.1,
2002,48000,TX,Texas,"10,742,014","10,061,049","680,965",6.3,
2002,49000,UT,Utah,"1,179,433","1,112,581","66,852",5.7,
2002,50000,VT,Vermont,"343,261","330,080","13,181",3.8,
2002,51000,VA,Virginia,"3,739,499","3,576,530","162,969",4.4,
2002,53000,WA,Washington,"3,101,001","2,881,326","219,675",7.1,
2002,54000,WV,West Virginia,"798,709","747,040","51,669",6.5,
2002,55000,WI,Wisconsin,"3,016,760","2,856,234","160,526",5.3,
2002,56000,WY,Wyoming,"269,405","258,571","10,834",4.0,
2003,01000,AL,Alabama,"2,128,668","2,001,568","127,100",6.0,
2003,02000,AK,Alaska,"332,494","306,964","25,530",7.7,
2003,04000,AZ,Arizona,"2,728,649","2,571,097","157,552",5.8,
2003,05000,AR,Arkansas,"1,282,578","1,208,583","73,995",5.8,
2003,06000,CA,California,"17,271,899","16,081,515","1,190,384",6.9,
2003,08000,CO,Colorado,"2,490,397","2,338,432","151,965",6.1,
2003,09000,CT,Connecticut,"1,785,737","1,688,380","97,357",5.5,
2003,10000,DE,Delaware,"415,890","397,310","18,580",4.5,
2003,11000,DC,District of Columbia,"308,454","285,997","22,457",7.3,
2003,12000,FL,Florida,"8,123,135","7,760,904","362,231",4.5,
2003,13000,GA,Georgia,"4,414,282","4,187,003","227,279",5.1,
2003,15000,HI,Hawaii,"603,936","580,352","23,584",3.9,
2003,16000,ID,Idaho,"691,702","653,299","38,403",5.6,
2003,17000,IL,Illinois,"6,310,520","5,885,134","425,386",6.7,
2003,18000,IN,Indiana,"3,178,568","3,011,507","167,061",5.3,
2003,19000,IA,Iowa,"1,607,931","1,536,505","71,426",4.4,
2003,20000,KS,Kansas,"1,441,065","1,361,115","79,950",5.5,
2003,21000,KY,Kentucky,"1,965,881","1,844,378","121,503",6.2,
2003,22000,LA,Louisiana,"2,024,914","1,897,902","127,012",6.3,
2003,23000,ME,Maine,"685,165","649,899","35,266",5.1,
2003,24000,MD,Maryland,"2,881,024","2,742,966","138,058",4.8,
2003,25000,MA,Massachusetts,"3,418,989","3,223,294","195,695",5.7,
2003,26000,MI,Michigan,"5,036,119","4,678,901","357,218",7.1,
2003,27000,MN,Minnesota,"2,893,369","2,754,850","138,519",4.8,
2003,28000,MS,Mississippi,"1,304,578","1,224,551","80,027",6.1,
2003,29000,MO,Missouri,"2,983,337","2,814,661","168,676",5.7,
2003,30000,MT,Montana,"470,502","448,251","22,251",4.7,
2003,31000,NE,Nebraska,"967,039","928,916","38,123",3.9,
2003,32000,NV,Nevada,"1,150,376","1,089,893","60,483",5.3,
2003,33000,NH,New Hampshire,"708,938","677,387","31,551",4.5,
2003,34000,NJ,New Jersey,"4,344,387","4,091,465","252,922",5.8,
2003,35000,NM,New Mexico,"880,251","828,390","51,861",5.9,
2003,36000,NY,New York,"9,283,810","8,689,954","593,856",6.4,
2003,37000,NC,North Carolina,"4,285,401","3,997,950","287,451",6.7,
2003,38000,ND,North Dakota,"347,099","335,092","12,007",3.5,
2003,39000,OH,Ohio,"5,862,996","5,498,959","364,037",6.2,
2003,40000,OK,Oklahoma,"1,686,378","1,595,412","90,966",5.4,
2003,41000,OR,Oregon,"1,846,328","1,698,482","147,846",8.0,
2003,42000,PA,Pennsylvania,"6,157,935","5,808,102","349,833",5.7,
2003,44000,RI,Rhode Island,"560,785","529,583","31,202",5.6,
2003,45000,SC,South Carolina,"1,999,485","1,855,599","143,886",7.2,
2003,46000,SD,South Dakota,"421,524","406,897","14,627",3.5,
2003,47000,TN,Tennessee,"2,904,566","2,744,351","160,215",5.5,
2003,48000,TX,Texas,"10,910,636","10,176,554","734,082",6.7,
2003,49000,UT,Utah,"1,197,252","1,130,789","66,463",5.6,
2003,50000,VT,Vermont,"346,380","331,239","15,141",4.4,
2003,51000,VA,Virginia,"3,772,549","3,609,335","163,214",4.3,
2003,53000,WA,Washington,"3,136,253","2,910,008","226,245",7.2,
2003,54000,WV,West Virginia,"791,841","739,896","51,945",6.6,
2003,55000,WI,Wisconsin,"3,045,298","2,873,956","171,342",5.6,
2003,56000,WY,Wyoming,"272,804","260,995","11,809",4.3,
2004,01000,AL,Alabama,"2,138,306","2,018,783","119,523",5.6,
2004,02000,AK,Alaska,"337,469","312,394","25,075",7.4,
2004,04000,AZ,Arizona,"2,788,618","2,649,564","139,054",5.0,
2004,05000,AR,Arkansas,"1,302,378","1,229,546","72,832",5.6,
2004,06000,CA,California,"17,374,506","16,293,555","1,080,951",6.2,
2004,08000,CO,Colorado,"2,539,389","2,397,588","141,801",5.6,
2004,09000,CT,Connecticut,"1,777,510","1,687,121","90,389",5.1,
2004,10000,DE,Delaware,"421,093","402,992","18,101",4.3,
2004,11000,DC,District of Columbia,"313,735","288,323","25,412",8.1,
2004,12000,FL,Florida,"8,347,316","8,033,591","313,725",3.8,
2004,13000,GA,Georgia,"4,464,780","4,236,301","228,479",5.1,
2004,15000,HI,Hawaii,"611,752","591,594","20,158",3.3,
2004,16000,ID,Idaho,"702,872","668,638","34,234",4.9,
2004,17000,IL,Illinois,"6,348,716","5,955,739","392,977",6.2,
2004,18000,IN,Indiana,"3,165,247","2,993,991","171,256",5.4,
2004,19000,IA,Iowa,"1,607,438","1,534,634","72,804",4.5,
2004,20000,KS,Kansas,"1,458,910","1,378,355","80,555",5.5,
2004,21000,KY,Kentucky,"1,969,935","1,861,750","108,185",5.5,
2004,22000,LA,Louisiana,"2,030,415","1,914,521","115,894",5.7,
2004,23000,ME,Maine,"685,989","654,082","31,907",4.7,
2004,24000,MD,Maryland,"2,885,111","2,752,186","132,925",4.6,
2004,25000,MA,Massachusetts,"3,400,830","3,226,991","173,839",5.1,
2004,26000,MI,Michigan,"5,056,148","4,703,962","352,186",7.0,
2004,27000,MN,Minnesota,"2,893,478","2,760,746","132,732",4.6,
2004,28000,MS,Mississippi,"1,314,982","1,234,123","80,859",6.1,
2004,29000,MO,Missouri,"2,995,924","2,819,803","176,121",5.9,
2004,30000,MT,Montana,"478,226","456,674","21,552",4.5,
2004,31000,NE,Nebraska,"973,636","935,722","37,914",3.9,
2004,32000,NV,Nevada,"1,178,651","1,126,205","52,446",4.4,
2004,33000,NH,New Hampshire,"715,495","688,271","27,224",3.8,
2004,34000,NJ,New Jersey,"4,348,048","4,134,064","213,984",4.9,
2004,35000,NM,New Mexico,"890,462","841,002","49,460",5.6,
2004,36000,NY,New York,"9,359,930","8,816,050","543,880",5.8,
2004,37000,NC,North Carolina,"4,287,954","4,036,223","251,731",5.9,
2004,38000,ND,North Dakota,"353,652","341,694","11,958",3.4,
2004,39000,OH,Ohio,"5,853,714","5,487,218","366,496",6.3,
2004,40000,OK,Oklahoma,"1,690,505","1,610,799","79,706",4.7,
2004,41000,OR,Oregon,"1,845,407","1,709,561","135,846",7.4,
2004,42000,PA,Pennsylvania,"6,212,828","5,878,607","334,221",5.4,
2004,44000,RI,Rhode Island,"555,679","526,489","29,190",5.3,
2004,45000,SC,South Carolina,"2,043,864","1,891,722","152,142",7.4,
2004,46000,SD,South Dakota,"425,953","410,618","15,335",3.6,
2004,47000,TN,Tennessee,"2,897,792","2,742,911","154,881",5.3,
2004,48000,TX,Texas,"10,998,258","10,336,114","662,144",6.0,
2004,49000,UT,Utah,"1,231,740","1,170,046","61,694",5.0,
2004,50000,VT,Vermont,"347,352","334,555","12,797",3.7,
2004,51000,VA,Virginia,"3,814,529","3,658,421","156,108",4.1,
2004,53000,WA,Washington,"3,189,389","2,988,316","201,073",6.3,
2004,54000,WV,West Virginia,"789,527","743,989","45,538",5.8,
2004,55000,WI,Wisconsin,"3,034,621","2,883,573","151,048",5.0,
2004,56000,WY,Wyoming,"274,736","264,187","10,549",3.8,
2005,01000,AL,Alabama,"2,140,356","2,045,234","95,122",4.4,
2005,02000,AK,Alaska,"344,157","320,273","23,884",6.9,
2005,04000,AZ,Arizona,"2,862,517","2,729,018","133,499",4.7,
2005,05000,AR,Arkansas,"1,333,880","1,263,663","70,217",5.3,
2005,06000,CA,California,"17,537,931","16,593,622","944,309",5.4,
2005,08000,CO,Colorado,"2,572,382","2,442,134","130,248",5.1,
2005,09000,CT,Connecticut,"1,794,301","1,707,935","86,366",4.8,
2005,10000,DE,Delaware,"433,375","413,828","19,547",4.5,
2005,11000,DC,District of Columbia,"318,130","295,907","22,223",7.0,
2005,12000,FL,Florida,"8,647,279","8,400,346","246,933",2.9,
2005,13000,GA,Georgia,"4,598,159","4,336,264","261,895",5.7,
2005,15000,HI,Hawaii,"625,530","607,853","17,677",2.8,
2005,16000,ID,Idaho,"730,354","701,400","28,954",4.0,
2005,17000,IL,Illinois,"6,410,767","6,044,685","366,082",5.7,
2005,18000,IN,Indiana,"3,202,215","3,029,258","172,957",5.4,
2005,19000,IA,Iowa,"1,628,510","1,558,522","69,988",4.3,
2005,20000,KS,Kansas,"1,458,767","1,384,654","74,113",5.1,
2005,21000,KY,Kentucky,"1,991,726","1,874,747","116,979",5.9,
2005,22000,LA,Louisiana,"2,078,215","1,929,492","148,723",7.2,
2005,23000,ME,Maine,"695,280","661,176","34,104",4.9,
2005,24000,MD,Maryland,"2,931,581","2,799,960","131,621",4.5,
2005,25000,MA,Massachusetts,"3,385,536","3,222,953","162,583",4.8,
2005,26000,MI,Michigan,"5,069,602","4,725,701","343,901",6.8,
2005,27000,MN,Minnesota,"2,880,908","2,762,419","118,489",4.1,
2005,28000,MS,Mississippi,"1,317,407","1,217,359","100,048",7.6,
2005,29000,MO,Missouri,"3,011,096","2,847,795","163,301",5.4,
2005,30000,MT,Montana,"485,546","465,728","19,818",4.1,
2005,31000,NE,Nebraska,"972,759","935,914","36,845",3.8,
2005,32000,NV,Nevada,"1,228,449","1,177,587","50,862",4.1,
2005,33000,NH,New Hampshire,"726,101","699,666","26,435",3.6,
2005,34000,NJ,New Jersey,"4,387,304","4,192,396","194,908",4.4,
2005,35000,NM,New Mexico,"906,007","858,722","47,285",5.2,
2005,36000,NY,New York,"9,455,488","8,986,176","469,312",5.0,
2005,37000,NC,North Carolina,"4,348,830","4,105,112","243,718",5.6,
2005,38000,ND,North Dakota,"356,385","344,595","11,790",3.3,
2005,39000,OH,Ohio,"5,880,691","5,531,429","349,262",5.9,
2005,40000,OK,Oklahoma,"1,709,289","1,635,004","74,285",4.3,
2005,41000,OR,Oregon,"1,848,897","1,734,710","114,187",6.2,
2005,42000,PA,Pennsylvania,"6,256,642","5,943,887","312,755",5.0,
2005,44000,RI,Rhode Island,"563,439","534,535","28,904",5.1,
2005,45000,SC,South Carolina,"2,071,111","1,919,644","151,467",7.3,
2005,46000,SD,South Dakota,"429,361","414,088","15,273",3.6,
2005,47000,TN,Tennessee,"2,898,490","2,738,224","160,266",5.5,
2005,48000,TX,Texas,"11,172,694","10,561,373","611,321",5.5,
2005,49000,UT,Utah,"1,280,653","1,228,827","51,826",4.0,
2005,50000,VT,Vermont,"349,521","337,407","12,114",3.5,
2005,51000,VA,Virginia,"3,906,549","3,756,587","149,962",3.8,
2005,53000,WA,Washington,"3,259,772","3,077,058","182,714",5.6,
2005,54000,WV,West Virginia,"794,557","751,202","43,355",5.5,
2005,55000,WI,Wisconsin,"3,029,662","2,885,671","143,991",4.8,
2005,56000,WY,Wyoming,"279,083","269,172","9,911",3.6,
2006,01000,AL,Alabama,"2,170,007","2,083,207","86,800",4.0,
2006,02000,AK,Alaska,"348,756","325,672","23,084",6.6,
2006,04000,AZ,Arizona,"2,970,679","2,843,054","127,625",4.3,
2006,05000,AR,Arkansas,"1,346,532","1,276,000","70,532",5.2,
2006,06000,CA,California,"17,661,179","16,797,845","863,334",4.9,
2006,08000,CO,Colorado,"2,640,452","2,528,550","111,902",4.2,
2006,09000,CT,Connecticut,"1,831,083","1,750,385","80,698",4.4,
2006,10000,DE,Delaware,"443,228","425,995","17,233",3.9,
2006,11000,DC,District of Columbia,"320,581","300,323","20,258",6.3,
2006,12000,FL,Florida,"8,927,098","8,707,158","219,940",2.5,
2006,13000,GA,Georgia,"4,713,863","4,474,820","239,043",5.1,
2006,15000,HI,Hawaii,"635,415","619,362","16,053",2.5,
2006,16000,ID,Idaho,"744,475","718,848","25,627",3.4,
2006,17000,IL,Illinois,"6,515,687","6,217,917","297,770",4.6,
2006,18000,IN,Indiana,"3,235,980","3,075,761","160,219",5.0,
2006,19000,IA,Iowa,"1,655,924","1,595,344","60,580",3.7,
2006,20000,KS,Kansas,"1,467,553","1,402,950","64,603",4.4,
2006,21000,KY,Kentucky,"2,026,144","1,910,580","115,564",5.7,
2006,22000,LA,Louisiana,"2,001,297","1,919,476","81,821",4.1,
2006,23000,ME,Maine,"700,747","667,801","32,946",4.7,
2006,24000,MD,Maryland,"2,984,444","2,860,048","124,396",4.2,
2006,25000,MA,Massachusetts,"3,411,688","3,251,029","160,659",4.7,
2006,26000,MI,Michigan,"5,056,734","4,701,385","355,349",7.0,
2006,27000,MN,Minnesota,"2,889,613","2,772,171","117,442",4.1,
2006,28000,MS,Mississippi,"1,280,618","1,199,290","81,328",6.4,
2006,29000,MO,Missouri,"3,036,656","2,888,798","147,858",4.9,
2006,30000,MT,Montana,"495,166","478,726","16,440",3.3,
2006,31000,NE,Nebraska,"971,430","941,941","29,489",3.0,
2006,32000,NV,Nevada,"1,291,512","1,239,263","52,249",4.0,
2006,33000,NH,New Hampshire,"732,384","706,655","25,729",3.5,
2006,34000,NJ,New Jersey,"4,436,646","4,231,848","204,798",4.6,
2006,35000,NM,New Mexico,"914,467","876,100","38,367",4.2,
2006,36000,NY,New York,"9,520,386","9,090,969","429,417",4.5,
2006,37000,NC,North Carolina,"4,461,103","4,232,804","228,299",5.1,
2006,38000,ND,North Dakota,"362,712","351,410","11,302",3.1,
2006,39000,OH,Ohio,"5,957,220","5,635,968","321,252",5.4,
2006,40000,OK,Oklahoma,"1,714,440","1,647,518","66,922",3.9,
2006,41000,OR,Oregon,"1,881,770","1,780,651","101,119",5.4,
2006,42000,PA,Pennsylvania,"6,297,964","6,002,761","295,203",4.7,
2006,44000,RI,Rhode Island,"571,586","541,675","29,911",5.2,
2006,45000,SC,South Carolina,"2,148,698","2,001,245","147,453",6.9,
2006,46000,SD,South Dakota,"432,760","419,816","12,944",3.0,
2006,47000,TN,Tennessee,"3,014,749","2,856,079","158,670",5.3,
2006,48000,TX,Texas,"11,335,112","10,770,786","564,326",5.0,
2006,49000,UT,Utah,"1,333,278","1,295,285","37,993",2.8,
2006,50000,VT,Vermont,"355,394","342,232","13,162",3.7,
2006,51000,VA,Virginia,"3,976,503","3,844,285","132,218",3.3,
2006,53000,WA,Washington,"3,330,058","3,164,354","165,704",5.0,
2006,54000,WV,West Virginia,"804,910","763,325","41,585",5.2,
2006,55000,WI,Wisconsin,"3,066,266","2,923,575","142,691",4.7,
2006,56000,WY,Wyoming,"284,826","276,310","8,516",3.0,
2007,01000,AL,Alabama,"2,180,448","2,092,030","88,418",4.1,
2007,02000,AK,Alaska,"350,233","328,309","21,924",6.3,
2007,04000,AZ,Arizona,"3,018,805","2,905,144","113,661",3.8,
2007,05000,AR,Arkansas,"1,350,811","1,277,902","72,909",5.4,
2007,06000,CA,California,"17,910,726","16,955,400","955,326",5.3,
2007,08000,CO,Colorado,"2,687,742","2,588,340","99,402",3.7,
2007,09000,CT,Connecticut,"1,856,008","1,773,047","82,961",4.5,
2007,10000,DE,Delaware,"445,306","429,203","16,103",3.6,
2007,11000,DC,District of Columbia,"326,557","307,071","19,486",6.0,
2007,12000,FL,Florida,"9,113,604","8,813,449","300,155",3.3,
2007,13000,GA,Georgia,"4,810,264","4,573,302","236,962",4.9,
2007,15000,HI,Hawaii,"636,710","619,224","17,486",2.7,
2007,16000,ID,Idaho,"755,287","732,155","23,132",3.1,
2007,17000,IL,Illinois,"6,639,198","6,301,409","337,789",5.1,
2007,18000,IN,Indiana,"3,202,589","3,054,548","148,041",4.6,
2007,19000,IA,Iowa,"1,662,155","1,600,507","61,648",3.7,
2007,20000,KS,Kansas,"1,485,414","1,422,109","63,305",4.3,
2007,21000,KY,Kentucky,"2,035,493","1,925,716","109,777",5.4,
2007,22000,LA,Louisiana,"2,026,793","1,943,648","83,145",4.1,
2007,23000,ME,Maine,"699,753","667,061","32,692",4.7,
2007,24000,MD,Maryland,"2,989,317","2,877,994","111,323",3.7,
2007,25000,MA,Massachusetts,"3,433,239","3,277,912","155,327",4.5,
2007,26000,MI,Michigan,"4,994,841","4,640,173","354,668",7.1,
2007,27000,MN,Minnesota,"2,898,861","2,765,611","133,250",4.6,
2007,28000,MS,Mississippi,"1,293,338","1,213,549","79,789",6.2,
2007,29000,MO,Missouri,"3,058,119","2,902,504","155,615",5.1,
2007,30000,MT,Montana,"505,095","488,129","16,966",3.4,
2007,31000,NE,Nebraska,"979,043","950,318","28,725",2.9,
2007,32000,NV,Nevada,"1,344,209","1,282,414","61,795",4.6,
2007,33000,NH,New Hampshire,"737,928","712,023","25,905",3.5,
2007,34000,NJ,New Jersey,"4,436,092","4,248,982","187,110",4.2,
2007,35000,NM,New Mexico,"920,673","887,565","33,108",3.6,
2007,36000,NY,New York,"9,511,023","9,088,287","422,736",4.4,
2007,37000,NC,North Carolina,"4,528,594","4,297,692","230,902",5.1,
2007,38000,ND,North Dakota,"367,564","356,434","11,130",3.0,
2007,39000,OH,Ohio,"6,017,203","5,679,258","337,945",5.6,
2007,40000,OK,Oklahoma,"1,723,271","1,654,796","68,475",4.0,
2007,41000,OR,Oregon,"1,910,890","1,812,303","98,587",5.2,
2007,42000,PA,Pennsylvania,"6,346,588","6,057,645","288,943",4.6,
2007,44000,RI,Rhode Island,"571,086","541,956","29,130",5.1,
2007,45000,SC,South Carolina,"2,155,198","2,024,493","130,705",6.1,
2007,46000,SD,South Dakota,"436,295","423,910","12,385",2.8,
2007,47000,TN,Tennessee,"3,043,258","2,901,946","141,312",4.6,
2007,48000,TX,Texas,"11,441,054","10,940,176","500,878",4.4,
2007,49000,UT,Utah,"1,377,638","1,342,237","35,401",2.6,
2007,50000,VT,Vermont,"353,268","339,367","13,901",3.9,
2007,51000,VA,Virginia,"4,039,414","3,906,626","132,788",3.3,
2007,53000,WA,Washington,"3,401,404","3,244,794","156,610",4.6,
2007,54000,WV,West Virginia,"804,305","765,517","38,788",4.8,
2007,55000,WI,Wisconsin,"3,087,598","2,938,876","148,722",4.8,
2007,56000,WY,Wyoming,"290,748","283,072","7,676",2.6,
2008,01000,AL,Alabama,"2,176,854","2,049,579","127,275",5.8,
2008,02000,AK,Alaska,"355,298","332,364","22,934",6.5,
2008,04000,AZ,Arizona,"3,095,993","2,916,698","179,295",5.8,
2008,05000,AR,Arkansas,"1,357,716","1,284,175","73,541",5.4,
2008,06000,CA,California,"18,179,907","16,856,082","1,323,825",7.3,
2008,08000,CO,Colorado,"2,734,398","2,601,712","132,686",4.9,
2008,09000,CT,Connecticut,"1,878,120","1,772,393","105,727",5.6,
2008,10000,DE,Delaware,"450,265","427,694","22,571",5.0,
2008,11000,DC,District of Columbia,"334,487","311,588","22,899",6.8,
2008,12000,FL,Florida,"9,156,458","8,636,212","520,246",5.7,
2008,13000,GA,Georgia,"4,863,225","4,534,790","328,435",6.8,
2008,15000,HI,Hawaii,"641,526","615,767","25,759",4.0,
2008,16000,ID,Idaho,"759,676","721,828","37,848",5.0,
2008,17000,IL,Illinois,"6,652,942","6,222,179","430,763",6.5,
2008,18000,IN,Indiana,"3,244,790","3,053,593","191,197",5.9,
2008,19000,IA,Iowa,"1,682,209","1,612,459","69,750",4.1,
2008,20000,KS,Kansas,"1,493,365","1,425,022","68,343",4.6,
2008,21000,KY,Kentucky,"2,038,225","1,906,275","131,950",6.5,
2008,22000,LA,Louisiana,"2,064,692","1,968,676","96,016",4.7,
2008,23000,ME,Maine,"701,930","664,441","37,489",5.3,
2008,24000,MD,Maryland,"3,027,934","2,891,508","136,426",4.5,
2008,25000,MA,Massachusetts,"3,465,906","3,282,299","183,607",5.3,
2008,26000,MI,Michigan,"4,915,781","4,513,249","402,532",8.2,
2008,27000,MN,Minnesota,"2,914,133","2,756,573","157,560",5.4,
2008,28000,MS,Mississippi,"1,293,375","1,206,858","86,517",6.7,
2008,29000,MO,Missouri,"3,065,251","2,875,600","189,651",6.2,
2008,30000,MT,Montana,"512,278","488,259","24,019",4.7,
2008,31000,NE,Nebraska,"987,537","955,470","32,067",3.2,
2008,32000,NV,Nevada,"1,373,107","1,278,789","94,318",6.9,
2008,33000,NH,New Hampshire,"742,881","715,076","27,805",3.7,
2008,34000,NJ,New Jersey,"4,495,936","4,251,455","244,481",5.4,
2008,35000,NM,New Mexico,"933,628","893,645","39,983",4.3,
2008,36000,NY,New York,"9,641,100","9,121,271","519,829",5.4,
2008,37000,NC,North Carolina,"4,578,477","4,296,605","281,872",6.2,
2008,38000,ND,North Dakota,"371,843","360,446","11,397",3.1,
2008,39000,OH,Ohio,"6,002,468","5,609,101","393,367",6.6,
2008,40000,OK,Oklahoma,"1,740,886","1,678,409","62,477",3.6,
2008,41000,OR,Oregon,"1,946,539","1,825,256","121,283",6.2,
2008,42000,PA,Pennsylvania,"6,439,786","6,096,818","342,968",5.3,
2008,44000,RI,Rhode Island,"568,229","525,187","43,042",7.6,
2008,45000,SC,South Carolina,"2,160,084","2,002,903","157,181",7.3,
2008,46000,SD,South Dakota,"439,212","425,670","13,542",3.1,
2008,47000,TN,Tennessee,"3,060,778","2,862,093","198,685",6.5,
2008,48000,TX,Texas,"11,677,743","11,110,499","567,244",4.9,
2008,49000,UT,Utah,"1,385,646","1,339,394","46,252",3.3,
2008,50000,VT,Vermont,"353,986","337,925","16,061",4.5,
2008,51000,VA,Virginia,"4,128,589","3,952,723","175,866",4.3,
2008,53000,WA,Washington,"3,474,043","3,291,664","182,379",5.2,
2008,54000,WV,West Virginia,"806,254","768,294","37,960",4.7,
2008,55000,WI,Wisconsin,"3,098,931","2,945,874","153,057",4.9,
2008,56000,WY,Wyoming,"296,620","287,909","8,711",2.9,
2009,01000,AL,Alabama,"2,156,593","1,938,784","217,809",10.1,
2009,02000,AK,Alaska,"359,379","330,718","28,661",8.0,
2009,04000,AZ,Arizona,"3,128,891","2,826,426","302,465",9.7,
2009,05000,AR,Arkansas,"1,353,340","1,248,691","104,649",7.7,
2009,06000,CA,California,"18,305,953","16,193,122","2,112,831",11.5,
2009,08000,CO,Colorado,"2,730,604","2,515,483","215,121",7.9,
2009,09000,CT,Connecticut,"1,888,374","1,731,361","157,013",8.3,
2009,10000,DE,Delaware,"438,383","401,718","36,665",8.4,
2009,11000,DC,District of Columbia,"338,113","304,277","33,836",10.0,
2009,12000,FL,Florida,"8,987,789","8,127,251","860,538",9.6,
2009,13000,GA,Georgia,"4,792,150","4,292,830","499,320",10.4,
2009,15000,HI,Hawaii,"631,970","589,798","42,172",6.7,
2009,16000,ID,Idaho,"763,633","696,832","66,801",8.7,
2009,17000,IL,Illinois,"6,601,620","5,928,539","673,081",10.2,
2009,18000,IN,Indiana,"3,216,535","2,880,173","336,362",10.5,
2009,19000,IA,Iowa,"1,677,059","1,569,561","107,498",6.4,
2009,20000,KS,Kansas,"1,512,572","1,408,142","104,430",6.9,
2009,21000,KY,Kentucky,"2,064,847","1,842,085","222,762",10.8,
2009,22000,LA,Louisiana,"2,067,873","1,927,200","140,673",6.8,
2009,23000,ME,Maine,"697,698","639,142","58,556",8.4,
2009,24000,MD,Maryland,"3,049,869","2,819,397","230,472",7.6,
2009,25000,MA,Massachusetts,"3,470,431","3,189,506","280,925",8.1,
2009,26000,MI,Michigan,"4,860,036","4,221,462","638,574",13.1,
2009,27000,MN,Minnesota,"2,932,056","2,699,974","232,082",7.9,
2009,28000,MS,Mississippi,"1,268,505","1,149,831","118,674",9.4,
2009,29000,MO,Missouri,"3,061,704","2,784,890","276,814",9.0,
2009,30000,MT,Montana,"502,593","466,778","35,815",7.1,
2009,31000,NE,Nebraska,"987,855","941,903","45,952",4.7,
2009,32000,NV,Nevada,"1,367,367","1,207,052","160,315",11.7,
2009,33000,NH,New Hampshire,"739,802","694,362","45,440",6.1,
2009,34000,NJ,New Jersey,"4,540,303","4,133,366","406,937",9.0,
2009,35000,NM,New Mexico,"928,373","862,687","65,686",7.1,
2009,36000,NY,New York,"9,664,010","8,853,905","810,105",8.4,
2009,37000,NC,North Carolina,"4,613,198","4,104,074","509,124",11.0,
2009,38000,ND,North Dakota,"370,364","355,736","14,628",3.9,
2009,39000,OH,Ohio,"5,904,847","5,304,803","600,044",10.2,
2009,40000,OK,Oklahoma,"1,769,447","1,653,357","116,090",6.6,
2009,41000,OR,Oregon,"1,968,365","1,755,156","213,209",10.8,
2009,42000,PA,Pennsylvania,"6,400,238","5,890,073","510,165",8.0,
2009,44000,RI,Rhode Island,"571,203","505,930","65,273",11.4,
2009,45000,SC,South Carolina,"2,166,737","1,919,307","247,430",11.4,
2009,46000,SD,South Dakota,"441,300","421,123","20,177",4.6,
2009,47000,TN,Tennessee,"3,032,658","2,725,134","307,524",10.1,
2009,48000,TX,Texas,"11,944,138","11,043,167","900,971",7.5,
2009,49000,UT,Utah,"1,373,841","1,274,210","99,631",7.3,
2009,50000,VT,Vermont,"359,282","337,018","22,264",6.2,
2009,51000,VA,Virginia,"4,136,186","3,853,351","282,835",6.8,
2009,53000,WA,Washington,"3,463,713","3,176,729","286,984",8.3,
2009,54000,WV,West Virginia,"811,270","743,870","67,400",8.3,
2009,55000,WI,Wisconsin,"3,112,494","2,833,292","279,202",9.0,
2009,56000,WY,Wyoming,"299,893","281,123","18,770",6.3,
2010,01000,AL,Alabama,"2,197,028","1,968,824","228,204",10.4,
2010,02000,AK,Alaska,"361,707","332,185","29,522",8.2,
2010,04000,AZ,Arizona,"3,096,316","2,777,404","318,912",10.3,
2010,05000,AR,Arkansas,"1,353,635","1,247,059","106,576",7.9,
2010,06000,CA,California,"18,370,536","16,078,454","2,292,082",12.5,
2010,08000,CO,Colorado,"2,715,723","2,466,996","248,727",9.2,
2010,09000,CT,Connecticut,"1,911,289","1,728,121","183,168",9.6,
2010,10000,DE,Delaware,"436,196","398,388","37,808",8.7,
2010,11000,DC,District of Columbia,"346,707","312,132","34,575",10.0,
2010,12000,FL,Florida,"9,147,107","8,155,401","991,706",10.8,
2010,13000,GA,Georgia,"4,709,781","4,207,266","502,515",10.7,
2010,15000,HI,Hawaii,"648,549","604,210","44,339",6.8,
2010,16000,ID,Idaho,"762,147","695,265","66,882",8.8,
2010,17000,IL,Illinois,"6,612,433","5,918,202","694,231",10.5,
2010,18000,IN,Indiana,"3,175,885","2,854,843","321,042",10.1,
2010,19000,IA,Iowa,"1,674,411","1,571,960","102,451",6.1,
2010,20000,KS,Kansas,"1,500,463","1,396,172","104,291",7.0,
2010,21000,KY,Kentucky,"2,065,023","1,852,302","212,721",10.3,
2010,22000,LA,Louisiana,"2,084,462","1,927,720","156,742",7.5,
2010,23000,ME,Maine,"697,832","638,984","58,848",8.4,
2010,24000,MD,Maryland,"3,078,368","2,836,945","241,423",7.8,
2010,25000,MA,Massachusetts,"3,479,304","3,198,617","280,687",8.1,
2010,26000,MI,Michigan,"4,754,799","4,173,946","580,853",12.2,
2010,27000,MN,Minnesota,"2,940,696","2,722,623","218,073",7.4,
2010,28000,MS,Mississippi,"1,309,128","1,176,938","132,190",10.1,
2010,29000,MO,Missouri,"3,043,249","2,753,910","289,339",9.5,
2010,30000,MT,Montana,"500,895","464,808","36,087",7.2,
2010,31000,NE,Nebraska,"992,009","945,195","46,814",4.7,
2010,32000,NV,Nevada,"1,358,860","1,171,879","186,981",13.8,
2010,33000,NH,New Hampshire,"739,340","694,132","45,208",6.1,
2010,34000,NJ,New Jersey,"4,559,778","4,118,982","440,796",9.7,
2010,35000,NM,New Mexico,"928,862","856,602","72,260",7.8,
2010,36000,NY,New York,"9,630,297","8,790,607","839,690",8.7,
2010,37000,NC,North Carolina,"4,633,695","4,135,783","497,912",10.7,
2010,38000,ND,North Dakota,"379,062","365,041","14,021",3.7,
2010,39000,OH,Ohio,"5,871,473","5,267,304","604,169",10.3,
2010,40000,OK,Oklahoma,"1,765,708","1,650,502","115,206",6.5,
2010,41000,OR,Oregon,"1,991,749","1,778,034","213,715",10.7,
2010,42000,PA,Pennsylvania,"6,360,605","5,838,498","522,107",8.2,
2010,44000,RI,Rhode Island,"571,505","504,957","66,548",11.6,
2010,45000,SC,South Carolina,"2,174,535","1,928,442","246,093",11.3,
2010,46000,SD,South Dakota,"443,618","421,815","21,803",4.9,
2010,47000,TN,Tennessee,"3,093,118","2,789,056","304,062",9.8,
2010,48000,TX,Texas,"12,260,100","11,255,444","1,004,656",8.2,
2010,49000,UT,Utah,"1,350,173","1,242,907","107,266",7.9,
2010,50000,VT,Vermont,"359,692","336,920","22,772",6.3,
2010,51000,VA,Virginia,"4,163,293","3,858,466","304,827",7.3,
2010,53000,WA,Washington,"3,458,451","3,142,109","316,342",9.1,
2010,54000,WV,West Virginia,"810,101","739,891","70,210",8.7,
2010,55000,WI,Wisconsin,"3,082,935","2,820,620","262,315",8.5,
2010,56000,WY,Wyoming,"301,893","280,953","20,940",6.9,
2011,01000,AL,Alabama,"2,202,337","1,991,379","210,958",9.6,
2011,02000,AK,Alaska,"364,599","336,312","28,287",7.8,
2011,04000,AZ,Arizona,"3,051,937","2,763,761","288,176",9.4,
2011,05000,AR,Arkansas,"1,357,819","1,250,431","107,388",7.9,
2011,06000,CA,California,"18,406,756","16,220,602","2,186,154",11.9,
2011,08000,CO,Colorado,"2,730,262","2,493,472","236,790",8.7,
2011,09000,CT,Connecticut,"1,914,449","1,741,971","172,478",9.0,
2011,10000,DE,Delaware,"443,971","410,229","33,742",7.6,
2011,11000,DC,District of Columbia,"352,193","316,372","35,821",10.2,
2011,12000,FL,Florida,"9,260,348","8,334,119","926,229",10.0,
2011,13000,GA,Georgia,"4,739,281","4,258,833","480,448",10.1,
2011,15000,HI,Hawaii,"660,634","615,470","45,164",6.8,
2011,16000,ID,Idaho,"764,205","701,660","62,545",8.2,
2011,17000,IL,Illinois,"6,567,531","5,925,787","641,744",9.8,
2011,18000,IN,Indiana,"3,189,011","2,904,397","284,614",8.9,
2011,19000,IA,Iowa,"1,670,056","1,575,767","94,289",5.6,
2011,20000,KS,Kansas,"1,498,000","1,402,198","95,802",6.4,
2011,21000,KY,Kentucky,"2,061,500","1,868,168","193,332",9.4,
2011,22000,LA,Louisiana,"2,080,525","1,926,038","154,487",7.4,
2011,23000,ME,Maine,"698,979","644,967","54,012",7.7,
2011,24000,MD,Maryland,"3,097,300","2,870,857","226,443",7.3,
2011,25000,MA,Massachusetts,"3,484,135","3,232,458","251,677",7.2,
2011,26000,MI,Michigan,"4,668,979","4,201,785","467,194",10.0,
2011,27000,MN,Minnesota,"2,952,527","2,760,400","192,127",6.5,
2011,28000,MS,Mississippi,"1,345,990","1,214,638","131,352",9.8,
2011,29000,MO,Missouri,"3,032,960","2,770,662","262,298",8.6,
2011,30000,MT,Montana,"501,065","467,786","33,279",6.6,
2011,31000,NE,Nebraska,"1,003,635","959,325","44,310",4.4,
2011,32000,NV,Nevada,"1,360,791","1,179,653","181,138",13.3,
2011,33000,NH,New Hampshire,"736,785","696,591","40,194",5.5,
2011,34000,NJ,New Jersey,"4,561,786","4,134,708","427,078",9.4,
2011,35000,NM,New Mexico,"925,108","858,165","66,943",7.2,
2011,36000,NY,New York,"9,537,752","8,741,662","796,090",8.3,
2011,37000,NC,North Carolina,"4,657,873","4,180,071","477,802",10.3,
2011,38000,ND,North Dakota,"387,383","374,434","12,949",3.3,
2011,39000,OH,Ohio,"5,773,480","5,263,728","509,752",8.8,
2011,40000,OK,Oklahoma,"1,767,056","1,668,235","98,821",5.6,
2011,41000,OR,Oregon,"1,995,931","1,804,257","191,674",9.6,
2011,42000,PA,Pennsylvania,"6,381,749","5,886,748","495,001",7.8,
2011,44000,RI,Rhode Island,"562,061","500,109","61,952",11.0,
2011,45000,SC,South Carolina,"2,185,171","1,957,493","227,678",10.4,
2011,46000,SD,South Dakota,"445,866","425,367","20,499",4.6,
2011,47000,TN,Tennessee,"3,117,492","2,833,278","284,214",9.1,
2011,48000,TX,Texas,"12,499,595","11,498,869","1,000,726",8.0,
2011,49000,UT,Utah,"1,341,427","1,246,797","94,630",7.1,
2011,50000,VT,Vermont,"357,676","337,779","19,897",5.6,
2011,51000,VA,Virginia,"4,205,184","3,929,008","276,176",6.6,
2011,53000,WA,Washington,"3,437,871","3,144,459","293,412",8.5,
2011,54000,WV,West Virginia,"806,568","743,346","63,222",7.8,
2011,55000,WI,Wisconsin,"3,072,157","2,839,987","232,170",7.6,
2011,56000,WY,Wyoming,"302,932","284,273","18,659",6.2,
2012,01000,AL,Alabama,"2,178,508","2,000,848","177,660",8.2,
2012,02000,AK,Alaska,"364,153","337,834","26,319",7.2,
2012,04000,AZ,Arizona,"3,054,343","2,799,634","254,709",8.3,
2012,05000,AR,Arkansas,"1,349,888","1,251,883","98,005",7.3,
2012,06000,CA,California,"18,484,881","16,541,039","1,943,842",10.5,
2012,08000,CO,Colorado,"2,749,192","2,529,785","219,407",8.0,
2012,09000,CT,Connecticut,"1,887,545","1,729,687","157,858",8.4,
2012,10000,DE,Delaware,"445,962","414,489","31,473",7.1,
2012,11000,DC,District of Columbia,"365,176","332,412","32,764",9.0,
2012,12000,FL,Florida,"9,335,727","8,529,063","806,664",8.6,
2012,13000,GA,Georgia,"4,770,618","4,339,369","431,249",9.0,
2012,15000,HI,Hawaii,"650,415","611,985","38,430",5.9,
2012,16000,ID,Idaho,"772,112","714,969","57,143",7.4,
2012,17000,IL,Illinois,"6,583,689","5,989,454","594,235",9.0,
2012,18000,IN,Indiana,"3,172,556","2,911,925","260,631",8.2,
2012,19000,IA,Iowa,"1,660,180","1,576,236","83,944",5.1,
2012,20000,KS,Kansas,"1,490,808","1,405,638","85,170",5.7,
2012,21000,KY,Kentucky,"2,060,084","1,891,109","168,975",8.2,
2012,22000,LA,Louisiana,"2,089,644","1,948,630","141,014",6.7,
2012,23000,ME,Maine,"700,730","650,315","50,415",7.2,
2012,24000,MD,Maryland,"3,120,947","2,906,518","214,429",6.9,
2012,25000,MA,Massachusetts,"3,506,457","3,271,256","235,201",6.7,
2012,26000,MI,Michigan,"4,685,462","4,261,963","423,499",9.0,
2012,27000,MN,Minnesota,"2,949,770","2,783,181","166,589",5.6,
2012,28000,MS,Mississippi,"1,330,450","1,213,245","117,205",8.8,
2012,29000,MO,Missouri,"3,004,347","2,789,025","215,322",7.2,
2012,30000,MT,Montana,"506,441","477,056","29,385",5.8,
2012,31000,NE,Nebraska,"1,012,807","973,448","39,359",3.9,
2012,32000,NV,Nevada,"1,366,208","1,207,733","158,475",11.6,
2012,33000,NH,New Hampshire,"740,796","700,448","40,348",5.4,
2012,34000,NJ,New Jersey,"4,576,286","4,147,221","429,065",9.4,
2012,35000,NM,New Mexico,"928,762","863,937","64,825",7.0,
2012,36000,NY,New York,"9,602,599","8,775,083","827,516",8.6,
2012,37000,NC,North Carolina,"4,720,203","4,271,383","448,820",9.5,
2012,38000,ND,North Dakota,"395,490","383,888","11,602",2.9,
2012,39000,OH,Ohio,"5,712,475","5,290,392","422,083",7.4,
2012,40000,OK,Oklahoma,"1,794,901","1,703,624","91,277",5.1,
2012,41000,OR,Oregon,"1,964,662","1,791,248","173,414",8.8,
2012,42000,PA,Pennsylvania,"6,449,023","5,955,409","493,614",7.7,
2012,44000,RI,Rhode Island,"560,204","502,897","57,307",10.2,
2012,45000,SC,South Carolina,"2,190,203","1,992,957","197,246",9.0,
2012,46000,SD,South Dakota,"447,056","428,943","18,113",4.1,
2012,47000,TN,Tennessee,"3,096,322","2,849,727","246,595",8.0,
2012,48000,TX,Texas,"12,639,465","11,794,975","844,490",6.7,
2012,49000,UT,Utah,"1,348,557","1,284,149","64,408",4.8,
2012,50000,VT,Vermont,"353,947","336,899","17,048",4.8,
2012,51000,VA,Virginia,"4,217,529","3,967,151","250,378",5.9,
2012,53000,WA,Washington,"3,468,738","3,203,294","265,444",7.7,
2012,54000,WV,West Virginia,"808,022","749,587","58,435",7.2,
2012,55000,WI,Wisconsin,"3,070,033","2,857,150","212,883",6.9,
2012,56000,WY,Wyoming,"303,748","287,110","16,638",5.5,
2013,01000,AL,Alabama,"2,172,102","2,012,828","159,274",7.3,
2013,02000,AK,Alaska,"363,544","338,104","25,440",7.0,
2013,04000,AZ,Arizona,"3,064,554","2,825,341","239,213",7.8,
2013,05000,AR,Arkansas,"1,331,609","1,237,609","94,000",7.1,
2013,06000,CA,California,"18,565,408","16,887,864","1,677,544",9.0,
2013,08000,CO,Colorado,"2,766,140","2,579,568","186,572",6.7,
2013,09000,CT,Connecticut,"1,867,378","1,718,834","148,544",8.0,
2013,10000,DE,Delaware,"443,551","414,215","29,336",6.6,
2013,11000,DC,District of Columbia,"374,199","342,609","31,590",8.4,
2013,12000,FL,Florida,"9,414,664","8,706,060","708,604",7.5,
2013,13000,GA,Georgia,"4,750,046","4,363,292","386,754",8.1,
2013,15000,HI,Hawaii,"650,978","620,005","30,973",4.8,
2013,16000,ID,Idaho,"777,606","724,545","53,061",6.8,
2013,17000,IL,Illinois,"6,556,593","5,961,201","595,392",9.1,
2013,18000,IN,Indiana,"3,193,683","2,953,672","240,011",7.5,
2013,19000,IA,Iowa,"1,676,565","1,597,139","79,426",4.7,
2013,20000,KS,Kansas,"1,489,395","1,410,470","78,925",5.3,
2013,21000,KY,Kentucky,"2,055,895","1,892,777","163,118",7.9,
2013,22000,LA,Louisiana,"2,101,974","1,966,755","135,219",6.4,
2013,23000,ME,Maine,"704,240","657,058","47,182",6.7,
2013,24000,MD,Maryland,"3,128,908","2,924,626","204,282",6.5,
2013,25000,MA,Massachusetts,"3,516,689","3,283,144","233,545",6.6,
2013,26000,MI,Michigan,"4,736,919","4,323,410","413,509",8.7,
2013,27000,MN,Minnesota,"2,961,729","2,812,453","149,276",5.0,
2013,28000,MS,Mississippi,"1,273,057","1,164,832","108,225",8.5,
2013,29000,MO,Missouri,"3,011,198","2,807,115","204,083",6.8,
2013,30000,MT,Montana,"511,199","483,798","27,401",5.4,
2013,31000,NE,Nebraska,"1,014,830","977,464","37,366",3.7,
2013,32000,NV,Nevada,"1,370,727","1,234,021","136,706",10.0,
2013,33000,NH,New Hampshire,"743,036","704,023","39,013",5.3,
2013,34000,NJ,New Jersey,"4,528,019","4,147,661","380,358",8.4,
2013,35000,NM,New Mexico,"929,410","865,207","64,203",6.9,
2013,36000,NY,New York,"9,632,949","8,880,792","752,157",7.8,
2013,37000,NC,North Carolina,"4,701,391","4,336,379","365,012",7.8,
2013,38000,ND,North Dakota,"401,518","389,928","11,590",2.9,
2013,39000,OH,Ohio,"5,706,777","5,281,459","425,318",7.5,
2013,40000,OK,Oklahoma,"1,799,525","1,707,220","92,305",5.1,
2013,41000,OR,Oregon,"1,924,692","1,775,139","149,553",7.8,
2013,42000,PA,Pennsylvania,"6,419,837","5,962,130","457,707",7.1,
2013,44000,RI,Rhode Island,"558,747","505,776","52,971",9.5,
2013,45000,SC,South Carolina,"2,197,876","2,034,404","163,472",7.4,
2013,46000,SD,South Dakota,"447,479","430,834","16,645",3.7,
2013,47000,TN,Tennessee,"3,078,892","2,840,127","238,765",7.8,
2013,48000,TX,Texas,"12,832,035","12,022,272","809,763",6.3,
2013,49000,UT,Utah,"1,385,908","1,327,560","58,348",4.2,
2013,50000,VT,Vermont,"350,175","334,684","15,491",4.4,
2013,51000,VA,Virginia,"4,238,377","4,002,057","236,320",5.6,
2013,53000,WA,Washington,"3,460,772","3,230,947","229,825",6.6,
2013,54000,WV,West Virginia,"799,481","745,849","53,632",6.7,
2013,55000,WI,Wisconsin,"3,077,801","2,871,988","205,813",6.7,
2013,56000,WY,Wyoming,"302,201","287,792","14,409",4.8,
2014,01000,AL,Alabama,"2,164,715","2,018,705","146,010",6.7,
2014,02000,AK,Alaska,"364,281","339,704","24,577",6.7,
2014,04000,AZ,Arizona,"3,118,441","2,906,193","212,248",6.8,
2014,05000,AR,Arkansas,"1,327,959","1,249,766","78,193",5.9,
2014,06000,CA,California,"18,676,692","17,264,518","1,412,174",7.6,
2014,08000,CO,Colorado,"2,800,666","2,661,070","139,596",5.0,
2014,09000,CT,Connecticut,"1,889,102","1,764,118","124,984",6.6,
2014,10000,DE,Delaware,"452,712","427,400","25,312",5.6,
2014,11000,DC,District of Columbia,"379,678","350,415","29,263",7.7,
2014,12000,FL,Florida,"9,546,407","8,931,440","614,967",6.4,
2014,13000,GA,Georgia,"4,745,859","4,407,067","338,792",7.1,
2014,15000,HI,Hawaii,"664,014","635,913","28,101",4.2,
2014,16000,ID,Idaho,"776,937","742,805","34,132",4.4,
2014,17000,IL,Illinois,"6,516,372","6,049,059","467,313",7.2,
2014,18000,IN,Indiana,"3,228,524","3,036,685","191,839",5.9,
2014,19000,IA,Iowa,"1,698,718","1,626,676","72,042",4.2,
2014,20000,KS,Kansas,"1,494,203","1,426,892","67,311",4.5,
2014,21000,KY,Kentucky,"2,006,518","1,877,551","128,967",6.4,
2014,22000,LA,Louisiana,"2,141,519","2,007,668","133,851",6.3,
2014,23000,ME,Maine,"698,035","659,008","39,027",5.6,
2014,24000,MD,Maryland,"3,125,017","2,945,911","179,106",5.7,
2014,25000,MA,Massachusetts,"3,569,557","3,364,853","204,704",5.7,
2014,26000,MI,Michigan,"4,759,720","4,416,017","343,703",7.2,
2014,27000,MN,Minnesota,"2,979,798","2,852,488","127,310",4.3,
2014,28000,MS,Mississippi,"1,243,934","1,149,277","94,657",7.6,
2014,29000,MO,Missouri,"3,035,599","2,848,571","187,028",6.2,
2014,30000,MT,Montana,"512,613","488,738","23,875",4.7,
2014,31000,NE,Nebraska,"1,012,727","979,728","32,999",3.3,
2014,32000,NV,Nevada,"1,380,084","1,267,424","112,660",8.2,
2014,33000,NH,New Hampshire,"743,756","711,740","32,016",4.3,
2014,34000,NJ,New Jersey,"4,493,894","4,191,318","302,576",6.7,
2014,35000,NM,New Mexico,"931,950","870,570","61,380",6.6,
2014,36000,NY,New York,"9,523,567","8,925,328","598,239",6.3,
2014,37000,NC,North Carolina,"4,698,287","4,410,647","287,640",6.1,
2014,38000,ND,North Dakota,"409,503","398,783","10,720",2.6,
2014,39000,OH,Ohio,"5,713,176","5,381,787","331,389",5.8,
2014,40000,OK,Oklahoma,"1,797,769","1,719,826","77,943",4.3,
2014,41000,OR,Oregon,"1,950,128","1,820,202","129,926",6.7,
2014,42000,PA,Pennsylvania,"6,389,059","6,010,075","378,984",5.9,
2014,44000,RI,Rhode Island,"556,635","513,406","43,229",7.8,
2014,45000,SC,South Carolina,"2,222,426","2,082,941","139,485",6.3,
2014,46000,SD,South Dakota,"450,769","435,733","15,036",3.3,
2014,47000,TN,Tennessee,"3,043,573","2,842,540","201,033",6.6,
2014,48000,TX,Texas,"13,006,202","12,333,076","673,126",5.2,
2014,49000,UT,Utah,"1,415,779","1,364,353","51,426",3.6,
2014,50000,VT,Vermont,"348,697","334,742","13,955",4.0,
2014,51000,VA,Virginia,"4,258,856","4,040,908","217,948",5.1,
2014,53000,WA,Washington,"3,495,153","3,287,904","207,249",5.9,
2014,54000,WV,West Virginia,"795,733","743,955","51,778",6.5,
2014,55000,WI,Wisconsin,"3,077,981","2,913,764","164,217",5.3,
2014,56000,WY,Wyoming,"302,865","289,694","13,171",4.3,
2015,01000,AL,Alabama,"2,152,295","2,020,443","131,852",6.1,
2015,02000,AK,Alaska,"362,425","339,604","22,821",6.3,
2015,04000,AZ,Arizona,"3,184,445","2,990,545","193,900",6.1,
2015,05000,AR,Arkansas,"1,339,301","1,272,785","66,516",5.0,
2015,06000,CA,California,"18,824,141","17,647,409","1,176,732",6.3,
2015,08000,CO,Colorado,"2,825,761","2,719,997","105,764",3.7,
2015,09000,CT,Connecticut,"1,892,087","1,785,788","106,299",5.6,
2015,10000,DE,Delaware,"462,752","440,555","22,197",4.8,
2015,11000,DC,District of Columbia,"388,446","361,556","26,890",6.9,
2015,12000,FL,Florida,"9,639,737","9,106,772","532,965",5.5,
2015,13000,GA,Georgia,"4,734,088","4,446,515","287,573",6.1,
2015,15000,HI,Hawaii,"670,594","647,616","22,978",3.4,
2015,16000,ID,Idaho,"795,014","764,121","30,893",3.9,
2015,17000,IL,Illinois,"6,511,797","6,119,934","391,863",6.0,
2015,18000,IN,Indiana,"3,266,392","3,109,791","156,601",4.8,
2015,19000,IA,Iowa,"1,700,549","1,637,467","63,082",3.7,
2015,20000,KS,Kansas,"1,493,782","1,431,533","62,249",4.2,
2015,21000,KY,Kentucky,"1,979,641","1,876,009","103,632",5.2,
2015,22000,LA,Louisiana,"2,150,050","2,015,081","134,969",6.3,
2015,23000,ME,Maine,"687,859","657,550","30,309",4.4,
2015,24000,MD,Maryland,"3,139,988","2,983,083","156,905",5.0,
2015,25000,MA,Massachusetts,"3,589,409","3,417,296","172,113",4.8,
2015,26000,MI,Michigan,"4,760,207","4,501,816","258,391",5.4,
2015,27000,MN,Minnesota,"3,005,414","2,891,673","113,741",3.8,
2015,28000,MS,Mississippi,"1,260,015","1,178,018","81,997",6.5,
2015,29000,MO,Missouri,"3,057,859","2,901,467","156,392",5.1,
2015,30000,MT,Montana,"517,901","495,725","22,176",4.3,
2015,31000,NE,Nebraska,"1,011,666","981,326","30,340",3.0,
2015,32000,NV,Nevada,"1,396,761","1,301,094","95,667",6.8,
2015,33000,NH,New Hampshire,"746,317","720,832","25,485",3.4,
2015,34000,NJ,New Jersey,"4,494,606","4,237,876","256,730",5.7,
2015,35000,NM,New Mexico,"938,300","876,206","62,094",6.6,
2015,36000,NY,New York,"9,536,519","9,035,989","500,530",5.2,
2015,37000,NC,North Carolina,"4,763,821","4,493,882","269,939",5.7,
2015,38000,ND,North Dakota,"410,764","399,296","11,468",2.8,
2015,39000,OH,Ohio,"5,710,776","5,427,850","282,926",5.0,
2015,40000,OK,Oklahoma,"1,829,046","1,750,501","78,545",4.3,
2015,41000,OR,Oregon,"1,979,475","1,871,286","108,189",5.5,
2015,42000,PA,Pennsylvania,"6,423,155","6,076,402","346,753",5.4,
2015,44000,RI,Rhode Island,"555,272","521,767","33,505",6.0,
2015,45000,SC,South Carolina,"2,267,837","2,134,087","133,750",5.9,
2015,46000,SD,South Dakota,"453,091","439,293","13,798",3.0,
2015,47000,TN,Tennessee,"3,074,216","2,902,684","171,532",5.6,
2015,48000,TX,Texas,"13,090,961","12,503,464","587,497",4.5,
2015,49000,UT,Utah,"1,453,457","1,401,945","51,512",3.5,
2015,50000,VT,Vermont,"346,512","334,262","12,250",3.5,
2015,51000,VA,Virginia,"4,233,981","4,048,081","185,900",4.4,
2015,53000,WA,Washington,"3,554,826","3,361,249","193,577",5.4,
2015,54000,WV,West Virginia,"791,526","739,455","52,071",6.6,
2015,55000,WI,Wisconsin,"3,084,207","2,947,048","137,159",4.4,
2015,56000,WY,Wyoming,"301,608","288,894","12,714",4.2,
2016,01000,AL,Alabama,"2,155,729","2,029,157","126,572",5.9,
2016,02000,AK,Alaska,"362,017","338,193","23,824",6.6,
2016,04000,AZ,Arizona,"3,253,468","3,075,851","177,617",5.5,
2016,05000,AR,Arkansas,"1,343,891","1,290,430","53,461",4.0,
2016,06000,CA,California,"19,012,017","17,965,407","1,046,610",5.5,
2016,08000,CO,Colorado,"2,894,157","2,803,504","90,653",3.1,
2016,09000,CT,Connecticut,"1,893,200","1,801,390","91,810",4.8,
2016,10000,DE,Delaware,"468,808","447,640","21,168",4.5,
2016,11000,DC,District of Columbia,"395,124","370,553","24,571",6.2,
2016,12000,FL,Florida,"9,841,301","9,360,237","481,064",4.9,
2016,13000,GA,Georgia,"4,921,814","4,653,740","268,074",5.4,
2016,15000,HI,Hawaii,"679,121","659,557","19,564",2.9,
2016,16000,ID,Idaho,"812,921","783,180","29,741",3.7,
2016,17000,IL,Illinois,"6,559,038","6,172,672","386,366",5.9,
2016,18000,IN,Indiana,"3,331,821","3,186,420","145,401",4.4,
2016,19000,IA,Iowa,"1,703,164","1,642,152","61,012",3.6,
2016,20000,KS,Kansas,"1,491,961","1,431,920","60,041",4.0,
2016,21000,KY,Kentucky,"2,015,645","1,914,479","101,166",5.0,
2016,22000,LA,Louisiana,"2,123,690","1,994,639","129,051",6.1,
2016,23000,ME,Maine,"693,917","667,723","26,194",3.8,
2016,24000,MD,Maryland,"3,155,918","3,020,827","135,091",4.3,
2016,25000,MA,Massachusetts,"3,617,498","3,472,327","145,171",4.0,
2016,26000,MI,Michigan,"4,848,638","4,606,948","241,690",5.0,
2016,27000,MN,Minnesota,"3,023,110","2,906,348","116,762",3.9,
2016,28000,MS,Mississippi,"1,271,836","1,196,241","75,595",5.9,
2016,29000,MO,Missouri,"3,072,904","2,933,457","139,447",4.5,
2016,30000,MT,Montana,"521,736","499,266","22,470",4.3,
2016,31000,NE,Nebraska,"1,016,062","984,966","31,096",3.1,
2016,32000,NV,Nevada,"1,414,233","1,332,390","81,843",5.8,
2016,33000,NH,New Hampshire,"752,478","731,002","21,476",2.9,
2016,34000,NJ,New Jersey,"4,492,821","4,271,201","221,620",4.9,
2016,35000,NM,New Mexico,"944,245","880,515","63,730",6.7,
2016,36000,NY,New York,"9,527,021","9,062,866","464,155",4.9,
2016,37000,NC,North Carolina,"4,844,851","4,598,456","246,395",5.1,
2016,38000,ND,North Dakota,"411,778","399,001","12,777",3.1,
2016,39000,OH,Ohio,"5,754,480","5,464,097","290,383",5.0,
2016,40000,OK,Oklahoma,"1,828,055","1,743,225","84,830",4.6,
2016,41000,OR,Oregon,"2,042,929","1,946,233","96,696",4.7,
2016,42000,PA,Pennsylvania,"6,458,891","6,114,644","344,247",5.3,
2016,44000,RI,Rhode Island,"553,231","524,438","28,793",5.2,
2016,45000,SC,South Carolina,"2,286,054","2,174,301","111,753",4.9,
2016,46000,SD,South Dakota,"455,133","441,418","13,715",3.0,
2016,47000,TN,Tennessee,"3,136,399","2,987,679","148,720",4.7,
2016,48000,TX,Texas,"13,346,836","12,728,898","617,938",4.6,
2016,49000,UT,Utah,"1,500,137","1,449,981","50,156",3.3,
2016,50000,VT,Vermont,"345,851","335,043","10,808",3.1,
2016,51000,VA,Virginia,"4,254,348","4,084,822","169,526",4.0,
2016,53000,WA,Washington,"3,648,558","3,459,527","189,031",5.2,
2016,54000,WV,West Virginia,"785,104","737,205","47,899",6.1,
2016,55000,WI,Wisconsin,"3,110,466","2,988,744","121,722",3.9,
2016,56000,WY,Wyoming,"300,546","284,439","16,107",5.4,
2017,01000,AL,Alabama,"2,203,458","2,103,873","99,585",4.5,
2017,02000,AK,Alaska,"360,589","337,108","23,481",6.5,
2017,04000,AZ,Arizona,"3,240,111","3,079,700","160,411",5.0,
2017,05000,AR,Arkansas,"1,348,088","1,297,854","50,234",3.7,
2017,06000,CA,California,"19,185,366","18,258,064","927,302",4.8,
2017,08000,CO,Colorado,"2,963,790","2,885,980","77,810",2.6,
2017,09000,CT,Connecticut,"1,923,711","1,838,833","84,878",4.4,
2017,10000,DE,Delaware,"475,214","453,949","21,265",4.5,
2017,11000,DC,District of Columbia,"393,326","369,388","23,938",6.1,
2017,12000,FL,Florida,"9,972,990","9,544,892","428,098",4.3,
2017,13000,GA,Georgia,"5,107,889","4,864,813","243,076",4.8,
2017,15000,HI,Hawaii,"695,303","679,865","15,438",2.2,
2017,16000,ID,Idaho,"839,776","812,875","26,901",3.2,
2017,17000,IL,Illinois,"6,562,291","6,237,933","324,358",4.9,
2017,18000,IN,Indiana,"3,333,693","3,217,049","116,644",3.5,
2017,19000,IA,Iowa,"1,697,495","1,645,660","51,835",3.1,
2017,20000,KS,Kansas,"1,488,346","1,434,516","53,830",3.6,
2017,21000,KY,Kentucky,"2,053,398","1,955,234","98,164",4.8,
2017,22000,LA,Louisiana,"2,108,485","2,000,487","107,998",5.1,
2017,23000,ME,Maine,"703,871","680,164","23,707",3.4,
2017,24000,MD,Maryland,"3,243,896","3,114,580","129,316",4.0,
2017,25000,MA,Massachusetts,"3,724,520","3,582,389","142,131",3.8,
2017,26000,MI,Michigan,"4,911,247","4,685,853","225,394",4.6,
2017,27000,MN,Minnesota,"3,071,006","2,963,830","107,176",3.5,
2017,28000,MS,Mississippi,"1,272,685","1,206,102","66,583",5.2,
2017,29000,MO,Missouri,"3,053,526","2,939,306","114,220",3.7,
2017,30000,MT,Montana,"528,441","506,871","21,570",4.1,
2017,31000,NE,Nebraska,"1,023,163","992,740","30,423",3.0,
2017,32000,NV,Nevada,"1,444,262","1,372,022","72,240",5.0,
2017,33000,NH,New Hampshire,"758,133","736,918","21,215",2.8,
2017,34000,NJ,New Jersey,"4,614,953","4,406,151","208,802",4.5,
2017,35000,NM,New Mexico,"948,581","890,988","57,593",6.1,
2017,36000,NY,New York,"9,838,170","9,382,750","455,420",4.6,
2017,37000,NC,North Carolina,"4,865,900","4,646,212","219,688",4.5,
2017,38000,ND,North Dakota,"415,765","404,901","10,864",2.6,
2017,39000,OH,Ohio,"5,818,975","5,529,479","289,496",5.0,
2017,40000,OK,Oklahoma,"1,826,272","1,752,733","73,539",4.0,
2017,41000,OR,Oregon,"2,075,682","1,991,503","84,179",4.1,
2017,42000,PA,Pennsylvania,"6,485,253","6,161,913","323,340",5.0,
2017,44000,RI,Rhode Island,"568,144","542,552","25,592",4.5,
2017,45000,SC,South Carolina,"2,261,766","2,166,708","95,058",4.2,
2017,46000,SD,South Dakota,"455,339","441,450","13,889",3.1,
2017,47000,TN,Tennessee,"3,197,032","3,077,515","119,517",3.7,
2017,48000,TX,Texas,"13,473,991","12,888,025","585,966",4.3,
2017,49000,UT,Utah,"1,554,352","1,505,413","48,939",3.1,
2017,50000,VT,Vermont,"355,385","344,698","10,687",3.0,
2017,51000,VA,Virginia,"4,352,977","4,193,290","159,687",3.7,
2017,53000,WA,Washington,"3,727,683","3,554,754","172,929",4.6,
2017,54000,WV,West Virginia,"784,744","743,786","40,958",5.2,
2017,55000,WI,Wisconsin,"3,141,757","3,039,348","102,409",3.3,
2017,56000,WY,Wyoming,"293,802","281,164","12,638",4.3,
2018,01000,AL,Alabama,"2,240,477","2,153,080","87,397",3.9,
2018,02000,AK,Alaska,"355,452","334,241","21,211",6.0,
2018,04000,AZ,Arizona,"3,328,189","3,168,469","159,720",4.8,
2018,05000,AR,Arkansas,"1,351,686","1,302,629","49,057",3.6,
2018,06000,CA,California,"19,289,507","18,468,143","821,364",4.3,
2018,08000,CO,Colorado,"3,049,640","2,957,690","91,950",3.0,
2018,09000,CT,Connecticut,"1,931,495","1,855,969","75,526",3.9,
2018,10000,DE,Delaware,"480,154","462,143","18,011",3.8,
2018,11000,DC,District of Columbia,"396,039","373,772","22,267",5.6,
2018,12000,FL,Florida,"10,107,191","9,734,029","373,162",3.7,
2018,13000,GA,Georgia,"5,121,172","4,915,713","205,459",4.0,
2018,15000,HI,Hawaii,"691,982","675,681","16,301",2.4,
2018,16000,ID,Idaho,"862,513","837,514","24,999",2.9,
2018,17000,IL,Illinois,"6,568,208","6,281,764","286,444",4.4,
2018,18000,IN,Indiana,"3,385,707","3,270,727","114,980",3.4,
2018,19000,IA,Iowa,"1,714,951","1,671,631","43,320",2.5,
2018,20000,KS,Kansas,"1,488,027","1,439,329","48,698",3.3,
2018,21000,KY,Kentucky,"2,054,913","1,968,398","86,515",4.2,
2018,22000,LA,Louisiana,"2,112,495","2,010,719","101,776",4.8,
2018,23000,ME,Maine,"703,138","681,334","21,804",3.1,
2018,24000,MD,Maryland,"3,261,068","3,142,323","118,745",3.6,
2018,25000,MA,Massachusetts,"3,809,873","3,678,445","131,428",3.4,
2018,26000,MI,Michigan,"4,940,313","4,734,158","206,155",4.2,
2018,27000,MN,Minnesota,"3,085,627","2,989,055","96,572",3.1,
2018,28000,MS,Mississippi,"1,268,435","1,205,737","62,698",4.9,
2018,29000,MO,Missouri,"3,045,865","2,949,910","95,955",3.2,
2018,30000,MT,Montana,"533,821","513,858","19,963",3.7,
2018,31000,NE,Nebraska,"1,034,214","1,004,261","29,953",2.9,
2018,32000,NV,Nevada,"1,492,831","1,427,371","65,460",4.4,
2018,33000,NH,New Hampshire,"767,629","747,415","20,214",2.6,
2018,34000,NJ,New Jersey,"4,609,773","4,426,617","183,156",4.0,
2018,35000,NM,New Mexico,"950,366","903,757","46,609",4.9,
2018,36000,NY,New York,"9,842,263","9,440,487","401,776",4.1,
2018,37000,NC,North Carolina,"4,915,963","4,719,018","196,945",4.0,
2018,38000,ND,North Dakota,"412,764","403,002","9,762",2.4,
2018,39000,OH,Ohio,"5,815,549","5,553,767","261,782",4.5,
2018,40000,OK,Oklahoma,"1,833,020","1,773,125","59,895",3.3,
2018,41000,OR,Oregon,"2,080,199","1,996,790","83,409",4.0,
2018,42000,PA,Pennsylvania,"6,500,149","6,210,098","290,051",4.5,
2018,44000,RI,Rhode Island,"571,152","547,994","23,158",4.1,
2018,45000,SC,South Carolina,"2,279,431","2,202,377","77,054",3.4,
2018,46000,SD,South Dakota,"457,328","444,569","12,759",2.8,
2018,47000,TN,Tennessee,"3,260,862","3,147,030","113,832",3.5,
2018,48000,TX,Texas,"13,684,009","13,149,672","534,337",3.9,
2018,49000,UT,Utah,"1,583,703","1,537,389","46,314",2.9,
2018,50000,VT,Vermont,"356,456","347,125","9,331",2.6,
2018,51000,VA,Virginia,"4,384,657","4,255,213","129,444",3.0,
2018,53000,WA,Washington,"3,813,320","3,644,274","169,046",4.4,
2018,54000,WV,West Virginia,"793,715","752,726","40,989",5.2,
2018,55000,WI,Wisconsin,"3,129,386","3,036,071","93,315",3.0,
2018,56000,WY,Wyoming,"292,781","280,909","11,872",4.1,
2019,01000,AL,Alabama,"2,271,892","2,199,868","72,024",3.2,
2019,02000,AK,Alaska,"352,883","333,541","19,342",5.5,
2019,04000,AZ,Arizona,"3,432,476","3,265,925","166,551",4.9,
2019,05000,AR,Arkansas,"1,365,790","1,318,465","47,325",3.5,
2019,06000,CA,California,"19,409,413","18,612,607","796,806",4.1,
2019,08000,CO,Colorado,"3,100,598","3,019,934","80,664",2.6,
2019,09000,CT,Connecticut,"1,950,349","1,881,688","68,661",3.5,
2019,10000,DE,Delaware,"484,845","466,856","17,989",3.7,
2019,11000,DC,District of Columbia,"400,577","379,016","21,561",5.4,
2019,12000,FL,Florida,"10,259,198","9,928,235","330,963",3.2,
2019,13000,GA,Georgia,"5,152,944","4,967,503","185,441",3.6,
2019,15000,HI,Hawaii,"684,690","667,914","16,776",2.5,
2019,16000,ID,Idaho,"889,194","862,864","26,330",3.0,
2019,17000,IL,Illinois,"6,568,815","6,308,535","260,280",4.0,
2019,18000,IN,Indiana,"3,393,763","3,282,443","111,320",3.3,
2019,19000,IA,Iowa,"1,749,620","1,704,063","45,557",2.6,
2019,20000,KS,Kansas,"1,497,517","1,450,705","46,812",3.1,
2019,21000,KY,Kentucky,"2,070,409","1,986,171","84,238",4.1,
2019,22000,LA,Louisiana,"2,108,410","2,010,405","98,005",4.6,
2019,23000,ME,Maine,"701,631","682,271","19,360",2.8,
2019,24000,MD,Maryland,"3,326,497","3,212,155","114,342",3.4,
2019,25000,MA,Massachusetts,"3,831,947","3,714,547","117,400",3.1,
2019,26000,MI,Michigan,"4,969,294","4,766,050","203,244",4.1,
2019,27000,MN,Minnesota,"3,129,844","3,021,984","107,860",3.4,
2019,28000,MS,Mississippi,"1,277,143","1,207,543","69,600",5.4,
2019,29000,MO,Missouri,"3,072,073","2,976,643","95,430",3.1,
2019,30000,MT,Montana,"542,279","522,898","19,381",3.6,
2019,31000,NE,Nebraska,"1,048,820","1,016,904","31,916",3.0,
2019,32000,NV,Nevada,"1,541,772","1,479,777","61,995",4.0,
2019,33000,NH,New Hampshire,"776,471","756,267","20,204",2.6,
2019,34000,NJ,New Jersey,"4,686,701","4,528,168","158,533",3.4,
2019,35000,NM,New Mexico,"963,804","916,149","47,655",4.9,
2019,36000,NY,New York,"9,880,211","9,502,625","377,586",3.8,
2019,37000,NC,North Carolina,"4,999,810","4,808,270","191,540",3.8,
2019,38000,ND,North Dakota,"415,169","406,304","8,865",2.1,
2019,39000,OH,Ohio,"5,871,248","5,626,326","244,922",4.2,
2019,40000,OK,Oklahoma,"1,840,199","1,782,686","57,513",3.1,
2019,41000,OR,Oregon,"2,094,977","2,017,379","77,598",3.7,
2019,42000,PA,Pennsylvania,"6,560,773","6,266,508","294,265",4.5,
2019,44000,RI,Rhode Island,"572,382","552,057","20,325",3.6,
2019,45000,SC,South Carolina,"2,321,189","2,256,313","64,876",2.8,
2019,46000,SD,South Dakota,"461,610","448,619","12,991",2.8,
2019,47000,TN,Tennessee,"3,339,543","3,226,045","113,498",3.4,
2019,48000,TX,Texas,"13,871,780","13,381,020","490,760",3.5,
2019,49000,UT,Utah,"1,618,055","1,576,421","41,634",2.6,
2019,50000,VT,Vermont,"355,950","347,600","8,350",2.3,
2019,51000,VA,Virginia,"4,455,815","4,332,647","123,168",2.8,
2019,53000,WA,Washington,"3,933,774","3,764,634","169,140",4.3,
2019,54000,WV,West Virginia,"796,776","757,484","39,292",4.9,
2019,55000,WI,Wisconsin,"3,120,590","3,021,491","99,099",3.2,
2019,56000,WY,Wyoming,"294,380","283,377","11,003",3.7,
2020,01000,AL,Alabama,"2,268,309","2,121,149","147,160",6.5,
2020,02000,AK,Alaska,"346,883","318,279","28,604",8.2,
2020,04000,AZ,Arizona,"3,456,852","3,191,100","265,752",7.7,
2020,05000,AR,Arkansas,"1,356,579","1,274,070","82,509",6.1,
2020,06000,CA,California,"18,931,116","16,996,666","1,934,450",10.2,
2020,08000,CO,Colorado,"3,087,271","2,874,857","212,414",6.9,
2020,09000,CT,Connecticut,"1,897,782","1,749,954","147,828",7.8,
2020,10000,DE,Delaware,"485,813","449,114","36,699",7.6,
2020,11000,DC,District of Columbia,"389,384","358,370","31,014",8.0,
2020,12000,FL,Florida,"10,094,878","9,267,151","827,727",8.2,
2020,13000,GA,Georgia,"5,079,555","4,751,105","328,450",6.5,
2020,15000,HI,Hawaii,"662,491","582,979","79,512",12.0,
2020,16000,ID,Idaho,"897,739","848,741","48,998",5.5,
2020,17000,IL,Illinois,"6,366,716","5,781,084","585,632",9.2,
2020,18000,IN,Indiana,"3,322,829","3,083,159","239,670",7.2,
2020,19000,IA,Iowa,"1,682,257","1,595,824","86,433",5.1,
2020,20000,KS,Kansas,"1,493,706","1,408,965","84,741",5.7,
2020,21000,KY,Kentucky,"2,016,802","1,886,999","129,803",6.4,
2020,22000,LA,Louisiana,"2,062,175","1,882,665","179,510",8.7,
2020,23000,ME,Maine,"675,231","641,262","33,969",5.0,
2020,24000,MD,Maryland,"3,227,527","3,012,106","215,421",6.7,
2020,25000,MA,Massachusetts,"3,741,684","3,390,249","351,435",9.4,
2020,26000,MI,Michigan,"4,846,013","4,361,873","484,140",10.0,
2020,27000,MN,Minnesota,"3,122,981","2,925,515","197,466",6.3,
2020,28000,MS,Mississippi,"1,243,515","1,145,211","98,304",7.9,
2020,29000,MO,Missouri,"3,037,162","2,853,353","183,809",6.1,
2020,30000,MT,Montana,"542,917","511,616","31,301",5.8,
2020,31000,NE,Nebraska,"1,044,541","1,001,426","43,115",4.1,
2020,32000,NV,Nevada,"1,502,848","1,299,640","203,208",13.5,
2020,33000,NH,New Hampshire,"759,770","708,566","51,204",6.7,
2020,34000,NJ,New Jersey,"4,642,945","4,203,278","439,667",9.5,
2020,35000,NM,New Mexico,"935,706","860,105","75,601",8.1,
2020,36000,NY,New York,"9,575,032","8,631,276","943,756",9.9,
2020,37000,NC,North Carolina,"4,848,893","4,505,462","343,431",7.1,
2020,38000,ND,North Dakota,"411,550","390,504","21,046",5.1,
2020,39000,OH,Ohio,"5,734,179","5,263,034","471,145",8.2,
2020,40000,OK,Oklahoma,"1,835,861","1,721,525","114,336",6.2,
2020,41000,OR,Oregon,"2,104,558","1,944,845","159,713",7.6,
2020,42000,PA,Pennsylvania,"6,482,770","5,893,583","589,187",9.1,
2020,44000,RI,Rhode Island,"567,055","514,911","52,144",9.2,
2020,45000,SC,South Carolina,"2,330,863","2,191,331","139,532",6.0,
2020,46000,SD,South Dakota,"461,624","441,550","20,074",4.3,
2020,47000,TN,Tennessee,"3,299,424","3,055,830","243,594",7.4,
2020,48000,TX,Texas,"13,870,874","12,808,616","1,062,258",7.7,
2020,49000,UT,Utah,"1,640,426","1,562,799","77,627",4.7,
2020,50000,VT,Vermont,"341,137","322,078","19,059",5.6,
2020,51000,VA,Virginia,"4,368,772","4,097,860","270,912",6.2,
2020,53000,WA,Washington,"3,929,477","3,596,814","332,663",8.5,
2020,54000,WV,West Virginia,"783,027","719,175","63,852",8.2,
2020,55000,WI,Wisconsin,"3,105,882","2,909,004","196,878",6.3,
2020,56000,WY,Wyoming,"293,722","276,739","16,983",5.8,
2021,01000,AL,Alabama,"2,246,993","2,169,721","77,272",3.4,
2021,02000,AK,Alaska,"354,936","332,266","22,670",6.4,
2021,04000,AZ,Arizona,"3,518,425","3,346,319","172,106",4.9,
2021,05000,AR,Arkansas,"1,332,620","1,278,984","53,636",4.0,
2021,06000,CA,California,"18,923,194","17,541,944","1,381,250",7.3,
2021,08000,CO,Colorado,"3,156,110","2,986,711","169,399",5.4,
2021,09000,CT,Connecticut,"1,855,923","1,739,815","116,108",6.3,
2021,10000,DE,Delaware,"496,430","469,875","26,555",5.3,
2021,11000,DC,District of Columbia,"381,673","356,578","25,095",6.6,
2021,12000,FL,Florida,"10,312,768","9,843,057","469,711",4.6,
2021,13000,GA,Georgia,"5,186,969","4,983,732","203,237",3.9,
2021,15000,HI,Hawaii,"668,413","630,187","38,226",5.7,
2021,16000,ID,Idaho,"917,056","884,328","32,728",3.6,
2021,17000,IL,Illinois,"6,318,915","5,935,974","382,941",6.1,
2021,18000,IN,Indiana,"3,321,548","3,203,166","118,382",3.6,
2021,19000,IA,Iowa,"1,676,075","1,605,206","70,869",4.2,
2021,20000,KS,Kansas,"1,495,665","1,447,323","48,342",3.2,
2021,21000,KY,Kentucky,"2,036,942","1,941,737","95,205",4.7,
2021,22000,LA,Louisiana,"2,062,492","1,949,403","113,089",5.5,
2021,23000,ME,Maine,"681,884","650,334","31,550",4.6,
2021,24000,MD,Maryland,"3,175,550","2,992,228","183,322",5.8,
2021,25000,MA,Massachusetts,"3,750,870","3,535,478","215,392",5.7,
2021,26000,MI,Michigan,"4,776,110","4,495,651","280,459",5.9,
2021,27000,MN,Minnesota,"3,021,360","2,918,393","102,967",3.4,
2021,28000,MS,Mississippi,"1,254,239","1,184,401","69,838",5.6,
2021,29000,MO,Missouri,"3,062,449","2,928,368","134,081",4.4,
2021,30000,MT,Montana,"549,743","531,202","18,541",3.4,
2021,31000,NE,Nebraska,"1,049,033","1,022,662","26,371",2.5,
2021,32000,NV,Nevada,"1,504,761","1,395,939","108,822",7.2,
2021,33000,NH,New Hampshire,"755,422","728,940","26,482",3.5,
2021,34000,NJ,New Jersey,"4,661,087","4,365,397","295,690",6.3,
2021,35000,NM,New Mexico,"943,356","879,329","64,027",6.8,
2021,36000,NY,New York,"9,441,458","8,786,280","655,178",6.9,
2021,37000,NC,North Carolina,"4,959,672","4,721,198","238,474",4.8,
2021,38000,ND,North Dakota,"406,187","391,255","14,932",3.7,
2021,39000,OH,Ohio,"5,736,882","5,441,879","295,003",5.1,
2021,40000,OK,Oklahoma,"1,854,234","1,783,080","71,154",3.8,
2021,41000,OR,Oregon,"2,148,333","2,036,138","112,195",5.2,
2021,42000,PA,Pennsylvania,"6,406,185","5,999,442","406,743",6.3,
2021,44000,RI,Rhode Island,"571,034","538,969","32,065",5.6,
2021,45000,SC,South Carolina,"2,364,366","2,269,813","94,553",4.0,
2021,46000,SD,South Dakota,"468,015","453,511","14,504",3.1,
2021,47000,TN,Tennessee,"3,327,966","3,185,263","142,703",4.3,
2021,48000,TX,Texas,"14,220,446","13,413,036","807,410",5.7,
2021,49000,UT,Utah,"1,681,494","1,636,150","45,344",2.7,
2021,50000,VT,Vermont,"328,216","316,941","11,275",3.4,
2021,51000,VA,Virginia,"4,267,656","4,100,803","166,853",3.9,
2021,53000,WA,Washington,"3,913,513","3,708,738","204,775",5.2,
2021,54000,WV,West Virginia,"788,826","749,132","39,694",5.0,
2021,55000,WI,Wisconsin,"3,134,439","3,016,039","118,400",3.8,
2021,56000,WY,Wyoming,"290,404","277,372","13,032",4.5,